.metric,.estimator,.estimate
rsq,standard,0.1889740633867747
ccc,standard,0.29118524911208205
mape,standard,41.598891593273294
rmse,standard,498.6894999926185
