.metric,.estimator,.estimate
rsq,standard,0.1805241185892579
ccc,standard,0.2885270644716951
mape,standard,42.21004934232703
rmse,standard,497.46139405999384
